Species,Class,ESD,Size,0.4,0.405,0.41,0.415,0.42,0.425,0.43,0.435,0.44,0.445,0.45,0.455,0.46,0.465,0.47,0.475,0.48,0.485,0.49,0.495,0.5,0.505,0.51,0.515,0.52,0.525,0.53,0.535,0.54,0.545,0.55,0.555,0.56,0.565,0.57,0.575,0.58,0.585,0.59,0.595,0.6,0.605,0.61,0.615,0.62,0.625,0.63,0.635,0.64,0.645,0.65,0.655,0.66,0.665,0.67,0.675,0.68,0.685,0.69,0.695,0.7,0.705,0.71,0.715,0.72,0.725,0.73,0.735,0.74,0.745,0.75,0.755,0.76,0.765,0.77,0.775,0.78,0.785,0.79,0.795,0.8,0.805,0.81,0.815,0.82,0.825,0.83,0.835,0.84,0.845,0.85,0.855,0.86,0.865,0.87,0.875,0.88,0.885,0.89,0.895,0.9
D. tertiolecta1,Chlorophyceae,5.6,10,0.013638458,0.014439017,0.015333585,0.016131172,0.016564338,0.016988863,0.017405957,0.017773075,0.017538054,0.016615526,0.015366939,0.014466427,0.014082962,0.013952077,0.013850638,0.013759601,0.013604003,0.01337344,0.013030649,0.011574176,0.010579656,0.009013653,0.007356614,0.005756981,0.004475976,0.003590325,0.003004257,0.002702913,0.002463433,0.002203423,0.002081454,0.002081454,0.002251913,0.002423859,0.002597015,0.002646716,0.002758008,0.003009376,0.00318578,0.003323821,0.003355964,0.003561814,0.003792378,0.004134507,0.00437074,0.004494195,0.004494195,0.00441923,0.004723272,0.005528289,0.00636545,0.007020538,0.00826318,0.010200484,0.011783494,0.01257932,0.012731671,0.011074357,0.007284566,0.003850555,0.002064667,0.001079338,0.000577151,0.00030107,0.000136555,5.59E-05,3.24E-05,1.19E-05,1.19E-05,1.19E-05,1.19E-05,1.19E-05,1.19E-05,1.19E-05,1.19E-05,1.19E-05,1.19E-05,1.19E-05,1.19E-05,1.19E-05,1.19E-05,1.19E-05,1.19E-05,1.19E-05,1.19E-05,1.19E-05,1.19E-05,1.19E-05,1.19E-05,1.19E-05,1.19E-05,1.19E-05,1.19E-05,1.19E-05,1.19E-05,1.19E-05,1.19E-05,1.19E-05,1.19E-05,1.19E-05,1.19E-05
G. theta,Cryptophyceae,5.4,8,0.01940167,0.020678034,0.022082993,0.023347555,0.024011678,0.02464986,0.025634856,0.026564406,0.026441712,0.024838573,0.02298771,0.022127744,0.022226833,0.022010951,0.020879656,0.018935604,0.01695971,0.015988852,0.01610208,0.016904264,0.016119784,0.014825716,0.01301026,0.011048504,0.009865329,0.009375781,0.009512614,0.009920775,0.010343074,0.010604936,0.010759472,0.010374915,0.009736733,0.009130393,0.008308169,0.007527254,0.006463207,0.005559597,0.004814089,0.004205412,0.003531823,0.003418596,0.003628577,0.004187709,0.004484978,0.004823555,0.00502407,0.005214013,0.005313103,0.004884902,0.004678486,0.005570293,0.008108883,0.01155932,0.013971651,0.015393085,0.015328172,0.012706966,0.008347018,0.004307944,0.002224724,0.0011265,0.00059921,0.000436437,0.000238258,5.19E-05,6.37E-05,5.90E-06,0.000136832,0.000186377,5.90E-06,5.90E-06,5.90E-06,5.90E-06,5.90E-06,5.90E-06,5.90E-06,5.90E-06,5.90E-06,5.90E-06,5.90E-06,5.90E-06,5.90E-06,5.90E-06,5.90E-06,5.90E-06,5.90E-06,5.90E-06,5.90E-06,5.90E-06,5.90E-06,5.90E-06,5.90E-06,5.90E-06,5.90E-06,5.90E-06,5.90E-06,5.90E-06,5.90E-06,5.90E-06,5.90E-06
T. oceanica1,Bacillariophyceae,6,8,0.025509177,0.027167716,0.028890694,0.029400581,0.030798806,0.031373132,0.032760618,0.033573777,0.033313464,0.032207771,0.030527753,0.029671634,0.03022448,0.029086568,0.028501502,0.02736359,0.026778524,0.025141465,0.024178459,0.023461447,0.021164143,0.019776657,0.018150338,0.017283479,0.016167046,0.015560501,0.014422589,0.01354499,0.011832752,0.011204727,0.010077554,0.008722288,0.006803436,0.00625059,0.005936577,0.005590345,0.006121711,0.006349805,0.006089492,0.006078752,0.005579605,0.005861398,0.005536646,0.005775479,0.006100232,0.006025053,0.006035793,0.006317586,0.006317586,0.005472207,0.00491936,0.006567159,0.010273429,0.01509613,0.018966054,0.020581634,0.016886104,0.011542776,0.006177968,0.002807191,0.001105693,0.000552846,0.001408965,0.000260313,0.000606546,0.000399931,0.000660245,0.000118138,5.37E-05,5.37E-05,5.37E-05,5.37E-05,5.37E-05,5.37E-05,5.37E-05,5.37E-05,5.37E-05,5.37E-05,5.37E-05,5.37E-05,5.37E-05,5.37E-05,5.37E-05,5.37E-05,5.37E-05,5.37E-05,5.37E-05,5.37E-05,5.37E-05,5.37E-05,5.37E-05,5.37E-05,5.37E-05,5.37E-05,5.37E-05,5.37E-05,5.37E-05,5.37E-05,5.37E-05,5.37E-05,5.37E-05
G. simplex,Dinophyceae,7.6,8,0.02939178,0.029763594,0.030120952,0.030303917,0.030406449,0.03050041,0.030939544,0.031286061,0.03115772,0.030334493,0.029858709,0.029643635,0.029788191,0.029496298,0.028693411,0.027226817,0.02563508,0.02463973,0.02412688,0.023283823,0.022110465,0.02085306,0.019572628,0.018470204,0.017686313,0.016782236,0.016154669,0.015314299,0.014261126,0.013399073,0.012534749,0.010994534,0.009753855,0.008582768,0.007899649,0.007909147,0.007519264,0.00749531,0.007218801,0.006817149,0.006362632,0.005917613,0.005845335,0.006023343,0.006138571,0.006085706,0.006203621,0.006213119,0.005917197,0.005948378,0.005674139,0.005616317,0.006882293,0.00951182,0.012415585,0.01412658,0.012125964,0.008108933,0.004501708,0.002362421,0.001364383,0.00108653,0.000661852,0.000402068,0.000209605,0.000202378,0.000175737,0.000175737,0.000175737,0.000175737,0.000175737,0.000175737,0.000175737,0.000175737,0.000175737,0.000175737,0.000175737,0.000175737,0.000175737,0.000175737,0.000175737,0.000175737,0.000175737,0.000175737,0.000175737,0.000175737,0.000175737,0.000175737,0.000175737,0.000175737,0.000175737,0.000175737,0.000175737,0.000175737,0.000175737,0.000175737,0.000175737,0.000175737,0.000175737,0.000175737,0.000175737
H. akashiwo,Raphidophyceae,11,25,0.01060784,0.010930299,0.011356135,0.011462324,0.011638368,0.011708223,0.011807707,0.011870858,0.011954122,0.011602034,0.011150462,0.010678777,0.010346802,0.010014827,0.009459877,0.009107789,0.009001601,0.00884567,0.008499205,0.008277312,0.007792217,0.007397092,0.006981853,0.006506274,0.006217337,0.005808803,0.005536086,0.005330413,0.004978325,0.004592715,0.004157363,0.00356608,0.003121212,0.002832275,0.002586376,0.002589188,0.002575779,0.002522144,0.002359509,0.002239911,0.00208398,0.002113609,0.002379622,0.002801565,0.002907754,0.003047464,0.003103911,0.003060873,0.00287142,0.002479106,0.002522144,0.003203395,0.004592715,0.006692916,0.007895595,0.008201833,0.007434506,0.005839513,0.003971803,0.001928049,0.00106405,0.000621993,0.000389503,0.000326352,0.000236383,9.00E-05,8.33E-05,4.46E-18,8.33E-05,8.33E-05,4.46E-18,4.46E-18,4.46E-18,4.46E-18,4.46E-18,4.46E-18,4.46E-18,4.46E-18,4.46E-18,4.46E-18,4.46E-18,4.46E-18,4.46E-18,4.46E-18,4.46E-18,4.46E-18,4.46E-18,4.46E-18,4.46E-18,4.46E-18,4.46E-18,4.46E-18,4.46E-18,4.46E-18,4.46E-18,4.46E-18,4.46E-18,4.46E-18,4.46E-18,4.46E-18,4.46E-18
N. atomus,Chlorophyceae,3.1,3,0.069868067,0.073424329,0.07757131,0.080903066,0.083040189,0.084844137,0.086753741,0.088043225,0.086133621,0.080732582,0.073397318,0.067522021,0.064835007,0.062957817,0.062001509,0.062044727,0.062017715,0.060557748,0.057087299,0.050483836,0.043909775,0.03621131,0.029455337,0.023165207,0.018002492,0.01484361,0.012898579,0.011606083,0.010882696,0.010153907,0.009641833,0.009866339,0.009977398,0.010686967,0.011561618,0.012222567,0.012864296,0.013907041,0.014356677,0.01494137,0.015328569,0.015862252,0.017059274,0.018324136,0.019507964,0.020011623,0.019962379,0.019994793,0.021159401,0.025059643,0.028385996,0.030783053,0.036733981,0.045865402,0.053423407,0.057595633,0.058758475,0.049606692,0.031582799,0.016483619,0.009025868,0.004905275,0.003079095,0.001819012,0.001233695,0.000786448,0.000612952,0.000228143,0.000246739,5.16E-05,5.16E-05,5.16E-05,5.16E-05,5.16E-05,5.16E-05,5.16E-05,5.16E-05,5.16E-05,5.16E-05,5.16E-05,5.16E-05,5.16E-05,5.16E-05,5.16E-05,5.16E-05,5.16E-05,5.16E-05,5.16E-05,5.16E-05,5.16E-05,5.16E-05,5.16E-05,5.16E-05,5.16E-05,5.16E-05,5.16E-05,5.16E-05,5.16E-05,5.16E-05,5.16E-05,5.16E-05
Pavlova sp. ,Prymnesiophyceae,3.2,5,0.012446563,0.013006529,0.013675646,0.014225522,0.014515975,0.014861003,0.015445272,0.015913663,0.015852361,0.015009426,0.014156401,0.013729888,0.013549344,0.012911257,0.012215231,0.011290812,0.010730845,0.010461332,0.010739754,0.010096122,0.009789609,0.009062552,0.008404283,0.007888802,0.007329593,0.006694869,0.006258266,0.00576036,0.005340574,0.004856123,0.004320459,0.003852826,0.003565736,0.003180345,0.002818498,0.002590106,0.00226938,0.002348259,0.002365077,0.002231623,0.002064533,0.002143412,0.002280229,0.002423774,0.002567318,0.002683196,0.002700014,0.002676469,0.002567318,0.002280229,0.002283593,0.00298971,0.004567185,0.007059746,0.008941886,0.009328793,0.007841044,0.005455028,0.003095921,0.001402567,0.000763723,0.00037421,0.000206362,0.00012412,7.96E-05,8.64E-05,5.53E-05,6.88E-05,5.53E-05,5.53E-05,5.53E-05,5.53E-05,5.53E-05,5.53E-05,5.53E-05,5.53E-05,5.53E-05,5.53E-05,5.53E-05,5.53E-05,5.53E-05,5.53E-05,5.53E-05,5.53E-05,5.53E-05,5.53E-05,5.53E-05,5.53E-05,5.53E-05,5.53E-05,5.53E-05,5.53E-05,5.53E-05,5.53E-05,5.53E-05,5.53E-05,5.53E-05,5.53E-05,5.53E-05,5.53E-05,5.53E-05
C. polylepis,Prymnesiophyceae,6,7,0.013353984,0.013694859,0.01416807,0.01449691,0.014705451,0.014686414,0.015113506,0.015534581,0.015629825,0.01531603,0.015192722,0.015106505,0.015290975,0.015296993,0.015228829,0.014822799,0.014146081,0.013469364,0.01263925,0.011369024,0.010677262,0.009859183,0.009265674,0.008672165,0.00810672,0.007556319,0.006965819,0.006224931,0.005524142,0.004875489,0.0042148,0.003707508,0.003307495,0.003246333,0.003136045,0.002908467,0.003071874,0.003262362,0.003492949,0.003495958,0.003256344,0.003019739,0.00301673,0.002940523,0.002992658,0.003038776,0.003115966,0.003156066,0.003147039,0.002778099,0.002559548,0.002784117,0.003992198,0.00589204,0.007730721,0.008530746,0.007670542,0.005715556,0.003265313,0.001359452,0.000618564,0.000353895,0.000264669,0.000135343,3.71E-05,6.82E-05,3.71E-05,3.71E-05,3.71E-05,4.31E-05,3.71E-05,3.71E-05,3.71E-05,3.71E-05,3.71E-05,3.71E-05,3.71E-05,3.71E-05,3.71E-05,3.71E-05,3.71E-05,3.71E-05,3.71E-05,3.71E-05,3.71E-05,3.71E-05,3.71E-05,3.71E-05,3.71E-05,3.71E-05,3.71E-05,3.71E-05,3.71E-05,3.71E-05,3.71E-05,3.71E-05,3.71E-05,3.71E-05,3.71E-05,3.71E-05,3.71E-05
S. elongatus,Cyanophyceae,2.5,3,0.017903452,0.019610632,0.021832159,0.024028827,0.025427837,0.026300071,0.027577348,0.029515563,0.029662154,0.026558524,0.022192604,0.018833079,0.017031584,0.01645765,0.015441385,0.014817734,0.01377661,0.013938189,0.012221139,0.013376684,0.011868371,0.010655798,0.009100327,0.007139813,0.005338318,0.004016442,0.003442508,0.002990306,0.002391514,0.003388039,0.003181861,0.002901109,0.002682502,0.002585628,0.003139821,0.006134149,0.007645021,0.00843025,0.008432809,0.008470097,0.009759803,0.0104233,0.011601144,0.01338034,0.01555215,0.017502795,0.01820102,0.01837247,0.017207054,0.015196823,0.013763085,0.012759248,0.012846252,0.014270121,0.015410677,0.016354927,0.016389655,0.013641352,0.00914127,0.004126842,0.002203614,0.000844451,0.000675561,0.000591116,0.000335221,7.93E-05,7.93E-05,7.93E-05,7.93E-05,7.93E-05,7.93E-05,7.93E-05,7.93E-05,7.93E-05,7.93E-05,7.93E-05,7.93E-05,7.93E-05,7.93E-05,7.93E-05,7.93E-05,7.93E-05,7.93E-05,7.93E-05,7.93E-05,7.93E-05,7.93E-05,7.93E-05,7.93E-05,7.93E-05,7.93E-05,7.93E-05,7.93E-05,7.93E-05,7.93E-05,7.93E-05,7.93E-05,7.93E-05,7.93E-05,7.93E-05,7.93E-05
F. pinnata,Fragilariophyceae,3.6,6,0.025937197,0.025995274,0.026505588,0.027239007,0.027385628,0.027410064,0.027920379,0.028470364,0.027804225,0.02587912,0.02372488,0.022319293,0.021512564,0.020054929,0.018640139,0.017414812,0.016855623,0.016675363,0.018352293,0.016024458,0.015153622,0.013754064,0.01239735,0.011532544,0.010652505,0.009729622,0.009039047,0.008470655,0.007755643,0.00679309,0.005946691,0.00548525,0.004892421,0.004669317,0.004012382,0.003691531,0.00337068,0.003346244,0.003132343,0.002909239,0.002835929,0.00319645,0.003517301,0.003969539,0.004192643,0.004479854,0.00439734,0.004372903,0.003945102,0.003566174,0.003737231,0.005307846,0.008171067,0.012299286,0.015367205,0.0159448,0.014554446,0.011782941,0.00789306,0.004067286,0.002059666,0.001210094,0.000699779,0.000510315,0.000378928,0.000271978,0.000161854,0.000213901,0.000161854,0.000161854,0.000161854,0.000161854,0.000161854,0.000161854,0.000161854,0.000161854,0.000161854,0.000161854,0.000161854,0.000161854,0.000161854,0.000161854,0.000161854,0.000161854,0.000161854,0.000161854,0.000161854,0.000161854,0.000161854,0.000161854,0.000161854,0.000161854,0.000161854,0.000161854,0.000161854,0.000161854,0.000161854,0.000161854,0.000161854,0.000161854,0.000161854
P. calceolata,Pelagiophyceae,1.9,2,0.024898023,0.027764346,0.030542047,0.032357554,0.033841358,0.03540872,0.038173761,0.040589373,0.040596969,0.039348649,0.03860928,0.03862194,0.039113165,0.039247366,0.038738416,0.038069945,0.036241777,0.034152805,0.03160046,0.027437707,0.023193927,0.021001139,0.018808351,0.016959926,0.01556981,0.013734046,0.012267967,0.011260196,0.009449753,0.008626824,0.00742155,0.005712391,0.003679124,0.003008121,0.002924562,0.004496989,0.005547805,0.00633022,0.006788528,0.006469485,0.005940279,0.005474375,0.005390816,0.005071773,0.005383219,0.005669345,0.006509999,0.007350652,0.007770978,0.006661924,0.006469485,0.006869555,0.009551036,0.014870954,0.019836378,0.021603776,0.017056146,0.010665155,0.005464246,0.002200385,0.000319043,0.000534271,0.000265869,0.000265869,0.000265869,0.000265869,0.000265869,0.000265869,0.000265869,0.000265869,0.000265869,0.000265869,0.000265869,0.000265869,0.000265869,0.000265869,0.000265869,0.000265869,0.000265869,0.000265869,0.000265869,0.000265869,0.000265869,0.000265869,0.000265869,0.000265869,0.000265869,0.000265869,0.000265869,0.000265869,0.000265869,0.000265869,0.000265869,0.000265869,0.000265869,0.000265869,0.000265869,0.000265869,0.000265869,0.000265869,0.000265869
H. virescens,Cryptophyceae,3,4,0.034396919,0.036242025,0.038587279,0.040554732,0.041534552,0.042202863,0.043552677,0.044588552,0.0435853,0.041009925,0.038531561,0.037237277,0.036838996,0.036331036,0.034212425,0.031070608,0.029053865,0.028221727,0.031977896,0.030280809,0.027899455,0.025362084,0.021855132,0.018475908,0.015734801,0.013634239,0.012998551,0.012863013,0.012571981,0.013669291,0.01446533,0.014934762,0.015187266,0.016963126,0.016281623,0.017971235,0.018358231,0.01777912,0.016822206,0.017444703,0.017867797,0.017827363,0.018248028,0.018607782,0.018739844,0.018033006,0.016759201,0.015028632,0.012795484,0.010773884,0.009742867,0.009360206,0.011182404,0.014254977,0.017108191,0.018435098,0.018258603,0.015302996,0.009818352,0.005362297,0.003721452,0.003149628,0.00192459,0.001738379,0.001579933,0.001191891,0.000911099,0.000962295,0.000931577,0.00031151,0.00031151,0.00031151,0.00031151,0.00031151,0.00031151,0.00031151,0.00031151,0.00031151,0.00031151,0.00031151,0.00031151,0.00031151,0.00031151,0.00031151,0.00031151,0.00031151,0.00031151,0.00031151,0.00031151,0.00031151,0.00031151,0.00031151,0.00031151,0.00031151,0.00031151,0.00031151,0.00031151,0.00031151,0.00031151,0.00031151,0.00031151
A. tamarense1,Dinophyceae,31,32,0.017511334,0.017668746,0.018028823,0.018532959,0.018899821,0.019075783,0.019305224,0.019588073,0.019633399,0.019511282,0.019292018,0.01917488,0.019169828,0.019044391,0.018572156,0.017875532,0.017169021,0.016762177,0.016640423,0.016482502,0.015981977,0.01529719,0.014583967,0.01384043,0.013277906,0.012799105,0.012373856,0.011945288,0.011309002,0.010635907,0.009845602,0.008685334,0.007511713,0.006540613,0.005927929,0.005675176,0.005618158,0.005596289,0.005535951,0.005341803,0.004955096,0.004876572,0.005047481,0.005497919,0.005827681,0.006090539,0.006400455,0.006698534,0.006624699,0.006809178,0.006702072,0.006996686,0.008840153,0.011569413,0.013997347,0.01521622,0.014230035,0.011172601,0.00716081,0.003602704,0.00178096,0.000960705,0.000521958,0.000277432,7.64E-05,0.000116774,5.16E-05,2.66E-05,2.66E-05,2.66E-05,2.66E-05,2.66E-05,2.66E-05,2.66E-05,2.66E-05,2.66E-05,2.66E-05,2.66E-05,2.66E-05,2.66E-05,2.66E-05,2.66E-05,2.66E-05,2.66E-05,2.66E-05,2.66E-05,2.66E-05,2.66E-05,2.66E-05,2.66E-05,2.66E-05,2.66E-05,2.66E-05,2.66E-05,2.66E-05,2.66E-05,2.66E-05,2.66E-05,2.66E-05,2.66E-05,2.66E-05
A. carterae,Dinophyceae,9,9,0.012819233,0.013374614,0.014033623,0.014587889,0.015042849,0.015617199,0.01623604,0.016756134,0.016845118,0.016691558,0.016681795,0.016880126,0.017038567,0.016850557,0.016151938,0.014849679,0.013631523,0.012987716,0.013129699,0.012378638,0.011566627,0.010620861,0.009670214,0.008927381,0.008367676,0.007942005,0.007546181,0.007135154,0.006694002,0.006273212,0.005758278,0.005089784,0.004455741,0.004009706,0.00371779,0.003525735,0.003594914,0.003609559,0.003644287,0.003461159,0.003203692,0.003035488,0.003090301,0.003224334,0.003432428,0.003487799,0.003656561,0.003844291,0.003923233,0.004022259,0.004077072,0.00423091,0.005340557,0.007563894,0.009535204,0.010104114,0.008326253,0.005464548,0.003048041,0.001527926,0.0009685,0.000582718,0.000439479,0.000345614,0.00025663,0.000192054,0.00017741,0.000118273,0.000128036,5.89E-05,5.89E-05,5.89E-05,5.89E-05,5.89E-05,5.89E-05,5.89E-05,5.89E-05,5.89E-05,5.89E-05,5.89E-05,5.89E-05,5.89E-05,5.89E-05,5.89E-05,5.89E-05,5.89E-05,5.89E-05,5.89E-05,5.89E-05,5.89E-05,5.89E-05,5.89E-05,5.89E-05,5.89E-05,5.89E-05,5.89E-05,5.89E-05,5.89E-05,5.89E-05,5.89E-05,5.89E-05
P. capsulatus,Prasinophyceae,2.2,3,0.101845708,0.110570085,0.122315757,0.13360867,0.141812587,0.152064754,0.165077639,0.176868306,0.177105658,0.170519729,0.162055582,0.156590059,0.158717622,0.16382093,0.167419121,0.165121699,0.156295338,0.14321458,0.129354098,0.108113484,0.093052349,0.08034507,0.070670526,0.061957588,0.054976062,0.048209216,0.042031051,0.03684881,0.032119155,0.028102316,0.025024586,0.021030244,0.018846801,0.017749273,0.018484967,0.019661982,0.020974744,0.022219633,0.024562256,0.02467568,0.024811601,0.023555654,0.0233408,0.024133102,0.025547849,0.026962422,0.030493119,0.038697036,0.049469663,0.059461426,0.063082114,0.058012742,0.056983088,0.06877431,0.082103859,0.08985481,0.081876806,0.05144893,0.02457463,0.009740342,0.004750457,0.001695779,0.000835983,0.000134606,0.000134606,0.000134606,0.000134606,0.000134606,0.000134606,0.000134606,0.000134606,0.000134606,0.000134606,0.000134606,0.000134606,0.000134606,0.000134606,0.000134606,0.000134606,0.000134606,0.000134606,0.000134606,0.000134606,0.000134606,0.000134606,0.000134606,0.000134606,0.000134606,0.000134606,0.000134606,0.000134606,0.000134606,0.000134606,0.000134606,0.000134606,0.000134606,0.000134606,0.000134606,0.000134606,0.000134606,0.000134606
T. weissflogii,Coscinodiscophyceae,13,20,0.016682821,0.017592184,0.018592218,0.019383257,0.019874632,0.020258053,0.020860839,0.021672618,0.02136604,0.020174296,0.01918809,0.017790808,0.017386647,0.016588694,0.015588661,0.014396917,0.013996212,0.014086883,0.014288166,0.013996212,0.013205173,0.012208596,0.011400274,0.010295743,0.009689501,0.008992589,0.008487387,0.007891515,0.007191146,0.00627487,0.005564131,0.005267923,0.005267923,0.004971716,0.004588294,0.003665105,0.003654735,0.003950943,0.003954399,0.004069266,0.003874099,0.003982052,0.004274803,0.004881045,0.00518071,0.005278293,0.005362051,0.005365507,0.005069299,0.004978629,0.005079669,0.005982119,0.008800878,0.012100643,0.014679298,0.015463424,0.014132617,0.011812146,0.008094394,0.004376641,0.002481072,0.001474125,0.001069964,0.000568219,0.000379965,0.000282381,0.000292751,0.000195167,0.000104497,6.91E-06,6.91E-06,6.91E-06,6.91E-06,6.91E-06,6.91E-06,6.91E-06,6.91E-06,6.91E-06,6.91E-06,6.91E-06,6.91E-06,6.91E-06,6.91E-06,6.91E-06,6.91E-06,6.91E-06,6.91E-06,6.91E-06,6.91E-06,6.91E-06,6.91E-06,6.91E-06,6.91E-06,6.91E-06,6.91E-06,6.91E-06,6.91E-06,6.91E-06,6.91E-06,6.91E-06,6.91E-06
R. lens,Cryptophyceae,7,7,0.023163097,0.023994649,0.024864741,0.025743341,0.026018846,0.026480737,0.027210021,0.027838964,0.027699693,0.026515257,0.025374821,0.024912813,0.025008911,0.024922425,0.024097848,0.022522154,0.02084167,0.01989472,0.019548266,0.020751637,0.019654669,0.018749405,0.017359364,0.016124627,0.015487583,0.015636575,0.015968766,0.016545045,0.017068412,0.017497394,0.017541304,0.017056702,0.016476838,0.016092453,0.015690993,0.015185325,0.013987176,0.012053579,0.01019197,0.00856292,0.007385836,0.006973992,0.006829402,0.007282307,0.007745879,0.008078988,0.008345232,0.008550982,0.008548681,0.008138997,0.007677876,0.00840999,0.011043482,0.01423305,0.016310532,0.017413877,0.017262565,0.01469512,0.010493502,0.006092065,0.003605743,0.002324885,0.00163221,0.000973321,0.000795319,0.000709385,0.000555619,0.000360479,0.000300866,0.000227929,0.000227929,0.000227929,0.000227929,0.000227929,0.000227929,0.000227929,0.000227929,0.000227929,0.000227929,0.000227929,0.000227929,0.000227929,0.000227929,0.000227929,0.000227929,0.000227929,0.000227929,0.000227929,0.000227929,0.000227929,0.000227929,0.000227929,0.000227929,0.000227929,0.000227929,0.000227929,0.000227929,0.000227929,0.000227929,0.000227929,0.000227929
P. subviridis,Pelagophyceae,2.6,3,0.046970093,0.050373702,0.053524092,0.056900116,0.058682555,0.060879482,0.064292286,0.067387505,0.067097505,0.063776652,0.061786969,0.06155214,0.060939603,0.059571652,0.056844945,0.053837433,0.050921873,0.047591824,0.041807386,0.041815874,0.034055192,0.030430192,0.026353924,0.022936168,0.019200827,0.016593657,0.013816023,0.011503804,0.009688828,0.00901617,0.008154658,0.005386219,0.002608585,0.001332585,0.00192178,0.005422292,0.007817267,0.008162438,0.007457243,0.006296536,0.005812731,0.005411682,0.00504317,0.005964097,0.00642456,0.007083072,0.00776917,0.00886056,0.009104584,0.008404341,0.007473511,0.008053511,0.011530682,0.018904461,0.026048363,0.029959119,0.026362412,0.016280315,0.007579609,0.002093658,0.000495122,0.000120244,0.000120244,0.000120244,0.000120244,0.000120244,0.000120244,0.000120244,0.000120244,0.000133683,0.000120244,0.000120244,0.000120244,0.000120244,0.000120244,0.000120244,0.000120244,0.000120244,0.000120244,0.000120244,0.000120244,0.000120244,0.000120244,0.000120244,0.000120244,0.000120244,0.000120244,0.000120244,0.000120244,0.000120244,0.000120244,0.000120244,0.000120244,0.000120244,0.000120244,0.000120244,0.000120244,0.000120244,0.000120244,0.000120244,0.000120244
H. triquetra,Dinophyceae,13,18,0.020011904,0.02047195,0.021075712,0.021527963,0.0217808,0.022046467,0.022519343,0.023050677,0.02307406,0.022663538,0.022259432,0.022268605,0.02230368,0.021988968,0.021101673,0.019507011,0.017767255,0.016729588,0.016070787,0.015936964,0.015288056,0.014299673,0.013282872,0.012291732,0.011593539,0.010998951,0.010567564,0.010114174,0.009462507,0.0089211,0.008208698,0.007349821,0.006551921,0.005877111,0.005592198,0.005251346,0.00521765,0.005332946,0.005508079,0.005354051,0.004907076,0.004698487,0.004842203,0.005271071,0.00561696,0.005872315,0.006075627,0.006354125,0.006373611,0.006488907,0.006575784,0.006997997,0.008965828,0.012249822,0.015002723,0.016087155,0.014320119,0.010885993,0.006968678,0.003623708,0.001948585,0.001186898,0.000860495,0.000590931,0.00039907,0.00038486,0.000246181,7.24E-05,0.000123091,4.54E-05,4.54E-05,4.54E-05,4.54E-05,4.54E-05,4.54E-05,4.54E-05,4.54E-05,4.54E-05,4.54E-05,4.54E-05,4.54E-05,4.54E-05,4.54E-05,4.54E-05,4.54E-05,4.54E-05,4.54E-05,4.54E-05,4.54E-05,4.54E-05,4.54E-05,4.54E-05,4.54E-05,4.54E-05,4.54E-05,4.54E-05,4.54E-05,4.54E-05,4.54E-05,4.54E-05,4.54E-05
P. provasolii,Prasinophyceae,2,2,0.022163848,0.024520899,0.028416454,0.031213733,0.032912736,0.035449776,0.03958264,0.043317695,0.044029626,0.042070384,0.039896761,0.038335329,0.038652889,0.040294571,0.041618692,0.041810146,0.03983944,0.037019232,0.032729308,0.030567149,0.025427722,0.022779479,0.020188557,0.018435672,0.016093524,0.014294782,0.013085303,0.011026322,0.009805379,0.00915077,0.008212994,0.006142549,0.004626974,0.003689198,0.003543602,0.005606022,0.006275534,0.00666188,0.006221652,0.006053128,0.006121913,0.005681686,0.005807793,0.005888042,0.006239995,0.006614876,0.007804866,0.009515333,0.011757742,0.013399424,0.013081864,0.011022883,0.012507504,0.016854751,0.020543949,0.021470261,0.018569804,0.010464574,0.005236873,0.0027262,0.000996244,0.000578945,0.000705052,0.00080823,0.000107764,0.00041386,8.83E-05,8.83E-05,8.83E-05,8.83E-05,8.83E-05,8.83E-05,8.83E-05,8.83E-05,8.83E-05,8.83E-05,8.83E-05,8.83E-05,8.83E-05,8.83E-05,8.83E-05,8.83E-05,8.83E-05,8.83E-05,8.83E-05,8.83E-05,8.83E-05,8.83E-05,8.83E-05,8.83E-05,8.83E-05,8.83E-05,8.83E-05,8.83E-05,8.83E-05,8.83E-05,8.83E-05,8.83E-05,8.83E-05,8.83E-05,8.83E-05
M. polymorphus,Coscinodiscophyceae,2.9,4,0.01817959,0.018800997,0.019826143,0.020620775,0.020948181,0.021366131,0.02237057,0.023454516,0.023386192,0.022113148,0.020747899,0.020245606,0.019829169,0.018791326,0.017497574,0.015774689,0.014601712,0.013942065,0.013908364,0.012786473,0.012276318,0.011405352,0.010585176,0.009841334,0.009035516,0.008566628,0.007924514,0.007229949,0.006600532,0.005813761,0.004965016,0.004335599,0.003904804,0.003381804,0.003144942,0.002690413,0.002609392,0.002701449,0.002679081,0.002358024,0.002232414,0.002221229,0.002423025,0.002766303,0.003066653,0.003131802,0.003287495,0.003476593,0.003374864,0.002986997,0.002827982,0.00349383,0.00566641,0.009247168,0.012398938,0.013365432,0.011103969,0.007343636,0.003780264,0.001456532,0.000544151,0.000191202,3.54E-05,5.44E-05,3.19E-05,3.19E-05,3.19E-05,3.19E-05,3.19E-05,3.34E-05,3.19E-05,3.19E-05,3.19E-05,3.19E-05,3.19E-05,3.19E-05,3.19E-05,3.19E-05,3.19E-05,3.19E-05,3.19E-05,3.19E-05,3.19E-05,3.19E-05,3.19E-05,3.19E-05,3.19E-05,3.19E-05,3.19E-05,3.19E-05,3.19E-05,3.19E-05,3.19E-05,3.19E-05,3.19E-05,3.19E-05,3.19E-05,3.19E-05,3.19E-05,3.19E-05,3.19E-05
Nannochloropsis sp. ,Eustigmatophyceae,2.9,4,0.119047997,0.123900884,0.12932815,0.13471076,0.136738379,0.137946019,0.140726634,0.142940968,0.137745073,0.124706632,0.109177832,0.096794982,0.090837994,0.084635405,0.080937406,0.079975367,0.081704633,0.080951637,0.078270636,0.072467732,0.063506855,0.055313206,0.045889589,0.037472666,0.03092707,0.026289359,0.022934367,0.019757994,0.017178325,0.017490908,0.016431463,0.01316578,0.012195644,0.008676264,0.009295296,0.015087896,0.017428097,0.01676441,0.015838929,0.015167146,0.015390419,0.016366689,0.017797603,0.021278462,0.022486102,0.023208674,0.023342639,0.022469909,0.020367212,0.020925395,0.022147266,0.028997348,0.042490433,0.058772229,0.074077755,0.086290083,0.086947636,0.067446775,0.039423488,0.018794237,0.009295541,0.004627406,0.00244963,0.001643882,0.001911811,0.001195372,0.00034497,0.000202909,0.000582474,0.000202909,0.000202909,0.000202909,0.000202909,0.000202909,0.000202909,0.000202909,0.000202909,0.000202909,0.000202909,0.000202909,0.000202909,0.000202909,0.000202909,0.000202909,0.000202909,0.000202909,0.000202909,0.000202909,0.000202909,0.000202909,0.000202909,0.000202909,0.000202909,0.000202909,0.000202909,0.000202909,0.000202909,0.000202909,0.000202909,0.000202909,0.000202909
I. galbana,Prymnesiophyceae,4,6,0.026080153,0.027634444,0.029049955,0.030585311,0.031685623,0.032757532,0.033979189,0.035191379,0.035022696,0.03391765,0.032817339,0.032229313,0.03213787,0.030873609,0.029164836,0.026978414,0.025796128,0.025313745,0.025290538,0.023855631,0.021655008,0.019255798,0.016765145,0.014618094,0.012633493,0.011217982,0.009876479,0.008798335,0.007712225,0.006867306,0.006041322,0.005264177,0.004602142,0.003973244,0.003862867,0.004088356,0.004137194,0.004059953,0.003995412,0.003705383,0.003483127,0.003453223,0.003516263,0.003940339,0.00424457,0.004354947,0.004638742,0.004788491,0.004444889,0.004187996,0.004080851,0.00496364,0.007318746,0.010398925,0.013137003,0.014402766,0.01410477,0.011026091,0.006382153,0.002808623,0.001320605,0.000865124,0.000458482,0.000255161,0.000293032,0.000258394,0.000127581,6.45E-05,9.77E-05,6.45E-05,6.45E-05,6.45E-05,6.45E-05,6.45E-05,6.45E-05,6.45E-05,6.45E-05,6.45E-05,6.45E-05,6.45E-05,6.45E-05,6.45E-05,6.45E-05,6.45E-05,6.45E-05,6.45E-05,6.45E-05,6.45E-05,6.45E-05,6.45E-05,6.45E-05,6.45E-05,6.45E-05,6.45E-05,6.45E-05,6.45E-05,6.45E-05,6.45E-05,6.45E-05,6.45E-05,6.45E-05
M. pusilla,Prasinophyceae,1.4,2,0.015246382,0.017717572,0.021090232,0.024462892,0.026907364,0.02932404,0.032680454,0.035315183,0.035207235,0.033495997,0.030231285,0.027585006,0.027296194,0.027730144,0.02862584,0.027930873,0.026871637,0.024931875,0.023194304,0.016006718,0.012942736,0.010366138,0.008333595,0.006811537,0.004893795,0.003712906,0.002121165,0.000246388,0.000152606,0.000152606,0.000152606,0.000152606,0.000152606,0.000152606,0.000152606,0.000152606,0.000152606,0.000152606,0.000152606,0.000152606,0.000152606,0.000152606,0.000152606,0.000152606,0.000309293,0.000802453,0.001724867,0.003044041,0.004792468,0.006834404,0.007181349,0.005778788,0.006733694,0.010562324,0.014870025,0.016418801,0.013518359,0.007009879,0.002130328,0.000152606,0.000152606,0.000152606,0.000152606,0.000152606,0.000152606,0.000152606,0.000152606,0.000152606,0.000152606,0.000152606,0.000152606,0.000152606,0.000152606,0.000152606,0.000152606,0.000152606,0.000152606,0.000152606,0.000152606,0.000152606,0.000152606,0.000152606,0.000152606,0.000152606,0.000152606,0.000152606,0.000152606,0.000152606,0.000152606,0.000152606,0.000152606,0.000152606,0.000152606,0.000152606,0.000152606,0.000152606,0.000152606,0.000152606,0.000152606,0.000152606,0.000152606
T. pseudonanna,Coscinodiscophyceae,4,4,0.017649939,0.019045963,0.020241925,0.021433481,0.022116071,0.022616225,0.023816593,0.024599214,0.024459528,0.023128287,0.02141014,0.020005305,0.019278653,0.01798266,0.016555794,0.015250989,0.014668429,0.014755241,0.015606098,0.013654904,0.013323969,0.01223685,0.0112057,0.010205393,0.009496366,0.0089094,0.008387216,0.007573752,0.006964756,0.006242511,0.005668763,0.004903766,0.004474111,0.003822363,0.003282555,0.003034026,0.002689873,0.003156087,0.003230991,0.002752868,0.002770493,0.002992585,0.003392708,0.003797236,0.004275359,0.004615106,0.004519482,0.004415045,0.003936922,0.003876547,0.004364792,0.005613627,0.008749827,0.012651024,0.015863915,0.016353946,0.014251992,0.011193792,0.006879254,0.003104524,0.001348033,0.000531473,0.000175411,0.000175411,0.000175411,0.000175411,0.000175411,0.000175411,0.000175411,0.000175411,0.000175411,0.000175411,0.000175411,0.000175411,0.000175411,0.000175411,0.000175411,0.000175411,0.000175411,0.000175411,0.000175411,0.000175411,0.000175411,0.000175411,0.000175411,0.000175411,0.000175411,0.000175411,0.000175411,0.000175411,0.000175411,0.000175411,0.000175411,0.000175411,0.000175411,0.000175411,0.000175411,0.000175411,0.000175411,0.000175411,0.000175411
T. rotula,Coscinodiscophyceae,18,20,0.028319795,0.028977277,0.029357102,0.030569898,0.030908855,0.031104778,0.032019483,0.032162518,0.032697398,0.031051891,0.029704474,0.028479658,0.028798182,0.027667122,0.026278837,0.023902528,0.023049123,0.022555111,0.024703045,0.02118726,0.02172214,0.020509345,0.019778542,0.018410692,0.018533293,0.017001974,0.016087269,0.015295166,0.014204972,0.012395995,0.01087309,0.010995692,0.010881504,0.010048533,0.008300858,0.006789972,0.005258652,0.005875267,0.006100037,0.00558559,0.004732186,0.005112011,0.005944981,0.006459428,0.007096476,0.007333266,0.007128929,0.006912573,0.006500295,0.00604715,0.006190185,0.00841144,0.012196467,0.017328912,0.020424004,0.020742528,0.017328912,0.012249354,0.007394566,0.003589105,0.000649068,0.000494013,0.000134621,5.29E-05,5.29E-05,5.29E-05,5.29E-05,5.29E-05,5.29E-05,5.29E-05,5.29E-05,5.29E-05,5.29E-05,5.29E-05,5.29E-05,5.29E-05,5.29E-05,5.29E-05,5.29E-05,5.29E-05,5.29E-05,5.29E-05,5.29E-05,5.29E-05,5.29E-05,5.29E-05,5.29E-05,5.29E-05,5.29E-05,5.29E-05,5.29E-05,5.29E-05,5.29E-05,5.29E-05,5.29E-05,5.29E-05,5.29E-05,5.29E-05,5.29E-05,5.29E-05,5.29E-05
C. calcitrans,Coscinodiscophyceae,6,6,0.024956046,0.025722685,0.026106005,0.027125507,0.027465341,0.028217485,0.029222491,0.029121024,0.029179005,0.026814663,0.024479312,0.023090986,0.023061996,0.02211497,0.020697654,0.018644155,0.017949992,0.018007974,0.019410795,0.015774089,0.016099428,0.01407492,0.012982942,0.010943939,0.010676581,0.009613594,0.008623083,0.007661562,0.006967399,0.005579073,0.004574067,0.004957387,0.005398688,0.005471164,0.004480653,0.003359685,0.001942368,0.003388675,0.003222785,0.0036206,0.003309756,0.002955427,0.003678581,0.004047405,0.004741568,0.005450226,0.004770559,0.004459715,0.003867019,0.003570671,0.003715624,0.005769123,0.009196452,0.013404916,0.016463421,0.017692298,0.016925659,0.013028038,0.00751822,0.0034837,0.000483176,0.000288295,0.000230314,4.99E-05,4.99E-05,4.99E-05,0.000194881,0.000238367,4.99E-05,4.99E-05,4.99E-05,4.99E-05,4.99E-05,4.99E-05,4.99E-05,4.99E-05,4.99E-05,4.99E-05,4.99E-05,4.99E-05,4.99E-05,4.99E-05,4.99E-05,4.99E-05,4.99E-05,4.99E-05,4.99E-05,4.99E-05,4.99E-05,4.99E-05,4.99E-05,4.99E-05,4.99E-05,4.99E-05,4.99E-05,4.99E-05,4.99E-05,4.99E-05,4.99E-05,4.99E-05,4.99E-05
K. rotundum,Dinophyceae,7.1,10,0.02033806,0.020819435,0.021340923,0.021661839,0.021742068,0.021942641,0.022303672,0.022744931,0.022584473,0.021902527,0.021461267,0.021381038,0.021300809,0.020859549,0.01997703,0.018613136,0.017369586,0.016647525,0.016406838,0.01580512,0.015163288,0.014160425,0.013157562,0.012234928,0.011512867,0.01083092,0.010349545,0.009828057,0.009186224,0.008624621,0.007942674,0.006899697,0.005736376,0.004813742,0.004292253,0.00417191,0.004091681,0.003931223,0.00373065,0.003449848,0.003088818,0.00292836,0.003088818,0.003369619,0.003650421,0.003810879,0.003971337,0.004051566,0.003971337,0.004011452,0.003931223,0.004212024,0.005736376,0.008303705,0.010871034,0.012194813,0.010750691,0.007701987,0.004653284,0.002286527,0.001042977,0.000521489,0.000200573,8.02E-05,8.02E-05,8.02E-05,8.02E-05,8.02E-05,8.02E-05,8.02E-05,8.02E-05,8.02E-05,8.02E-05,8.02E-05,8.02E-05,8.02E-05,8.02E-05,8.02E-05,8.02E-05,8.02E-05,8.02E-05,8.02E-05,8.02E-05,8.02E-05,8.02E-05,8.02E-05,8.02E-05,8.02E-05,8.02E-05,8.02E-05,8.02E-05,8.02E-05,8.02E-05,8.02E-05,8.02E-05,8.02E-05,8.02E-05,8.02E-05,8.02E-05,8.02E-05,8.02E-05
D. tertiolecta2,Chlorophyceae,,10,0.023718702,0.024167382,0.025584518,0.026511617,0.027143551,0.027558238,0.028363509,0.028489007,0.027855664,0.026092978,0.023932182,0.022218392,0.021303494,0.020867212,0.02100333,0.021167125,0.021018062,0.019991047,0.018449343,0.016211678,0.013642705,0.0110676,0.008637653,0.006635465,0.005201814,0.004336328,0.003795457,0.003506257,0.003349759,0.003211237,0.003184017,0.003101103,0.003212594,0.003417226,0.003696362,0.004010951,0.004216423,0.004479629,0.00470456,0.004839317,0.004955399,0.005094488,0.005354628,0.005665121,0.00598185,0.006004176,0.006027727,0.006149747,0.006686116,0.008076572,0.00918629,0.009518051,0.010649059,0.012815718,0.014824221,0.015394062,0.015196197,0.012720026,0.007465478,0.003702039,0.001829604,0.001009067,0.000550784,0.000362899,0.000163269,0.000141071,0.000111439,9.77E-05,6.25E-06,6.25E-06,2.09E-05,6.25E-06,0.000143309,6.25E-06,1.35E-05,6.25E-06,6.25E-06,6.25E-06,6.25E-06,6.25E-06,6.25E-06,6.25E-06,6.25E-06,6.25E-06,6.25E-06,6.25E-06,6.25E-06,6.25E-06,6.25E-06,6.25E-06,6.25E-06,6.25E-06,6.25E-06,6.25E-06,6.25E-06,6.25E-06,6.25E-06,6.25E-06,6.25E-06,6.25E-06,6.25E-06
E. huxleyi,Prymnesiophyceae,,6,0.031545034,0.032013708,0.03355253,0.034533524,0.035323471,0.036238496,0.036943177,0.038084447,0.038290189,0.038083192,0.03742895,0.037650528,0.03794429,0.037935696,0.037339996,0.03661514,0.03487894,0.032288723,0.029726736,0.026894708,0.024774656,0.022601114,0.020930852,0.019308376,0.017767151,0.016017056,0.014218128,0.012402568,0.010660128,0.009162739,0.007990723,0.006853782,0.006251841,0.005716109,0.005903911,0.006130044,0.006886692,0.007606106,0.008137122,0.007840602,0.007319363,0.006626094,0.00647224,0.006604219,0.006937332,0.007035718,0.007290974,0.007742934,0.007622876,0.007133455,0.006488371,0.006796729,0.008973892,0.012909303,0.017172962,0.018238848,0.015808204,0.010270844,0.005173537,0.002308277,0.001088203,0.000589725,0.000260447,0.000252807,0.000111313,0.000150967,0.000254307,8.16E-05,1.82E-05,2.15E-06,2.15E-06,0.000128694,0.000184092,0.000107684,0.000106402,2.15E-06,0.000132121,0.00013304,0.000145071,0.000245735,2.15E-06,2.15E-06,2.15E-06,2.15E-06,2.15E-06,2.15E-06,2.15E-06,2.15E-06,2.15E-06,2.15E-06,2.15E-06,2.15E-06,2.15E-06,2.15E-06,2.15E-06,2.15E-06,2.15E-06,2.15E-06,2.15E-06,2.15E-06,2.15E-06
P. lutheri,Prymnesiophyceae,,5,0.025139365,0.026139591,0.027793678,0.029052372,0.029560208,0.030439068,0.031821043,0.032948977,0.032040217,0.029095769,0.026466211,0.024637933,0.023250672,0.021471308,0.019192877,0.017532905,0.016735069,0.016900004,0.017156947,0.016486795,0.014668743,0.012829013,0.011073591,0.009751615,0.008751289,0.007922056,0.007380058,0.006922643,0.006292146,0.005545126,0.004960631,0.004326145,0.003915262,0.003484736,0.003431488,0.003408972,0.003556667,0.003625474,0.003504088,0.003292389,0.003359307,0.003516449,0.004026854,0.004547124,0.004913362,0.005128274,0.005137299,0.005165996,0.004679526,0.004498133,0.004792115,0.006157079,0.009255292,0.013176689,0.016454666,0.017363203,0.015910613,0.011437256,0.006516728,0.003132447,0.001494893,0.000691031,0.000344797,0.000205112,3.91E-05,0.000158402,9.76E-05,3.19E-05,6.31E-05,3.19E-05,3.19E-05,0.00013215,3.19E-05,0.000100582,3.19E-05,3.19E-05,0.000123707,5.08E-05,0.000124487,8.02E-05,3.19E-05,3.19E-05,3.19E-05,3.19E-05,3.19E-05,3.19E-05,3.19E-05,3.19E-05,3.19E-05,3.19E-05,3.19E-05,3.19E-05,3.19E-05,3.19E-05,3.19E-05,3.19E-05,3.19E-05,3.19E-05,3.19E-05,3.19E-05,3.19E-05
P. cruentum,Rhodophyceae,,7,0.060047586,0.058887286,0.059328041,0.058303894,0.055901904,0.056331023,0.055220319,0.055619187,0.054193446,0.04991923,0.045307829,0.040509124,0.039291845,0.038821825,0.037706813,0.035965681,0.03496058,0.03674405,0.037399704,0.038739153,0.03808834,0.037399059,0.036981803,0.037368604,0.037435355,0.037422403,0.038407334,0.03931911,0.040861412,0.040092319,0.03931072,0.03842313,0.037811791,0.036671794,0.033688437,0.027075416,0.019697037,0.015089738,0.012830315,0.011172217,0.010310376,0.011138547,0.011405056,0.011572938,0.012391437,0.01223146,0.012195789,0.011796249,0.011049433,0.010416173,0.01040448,0.012077938,0.014572734,0.018078,0.021190685,0.02212779,0.022973094,0.020069959,0.014476353,0.008335824,0.004890956,0.003097217,0.001661356,0.001377534,0.000615287,0.000387058,4.05E-05,0.00041026,0.00052041,0.000352034,4.05E-05,4.05E-05,0.000404922,0.000349748,4.05E-05,0.00051899,4.05E-05,4.05E-05,0.000115921,4.05E-05,4.05E-05,4.05E-05,4.05E-05,4.05E-05,4.05E-05,4.05E-05,4.05E-05,4.05E-05,4.05E-05,4.05E-05,4.05E-05,4.05E-05,4.05E-05,4.05E-05,4.05E-05,4.05E-05,4.05E-05,4.05E-05,4.05E-05,4.05E-05,4.05E-05
C. socialis,Bacillariophyceae,,8,0.006209678,0.006089688,0.006135268,0.006029359,0.005780962,0.005825339,0.005710478,0.005751726,0.005604286,0.005162278,0.004685401,0.004189155,0.004063273,0.004014667,0.00389936,0.003719306,0.003615365,0.003799799,0.003867601,0.004006117,0.003938815,0.003867535,0.003824385,0.003864385,0.003871288,0.003869948,0.003971803,0.004066092,0.004225585,0.004146051,0.004065224,0.003973437,0.003910216,0.003792326,0.003483809,0.00279994,0.002036922,0.001560469,0.001326816,0.001155348,0.001066223,0.001151866,0.001179427,0.001196787,0.001281431,0.001264887,0.001261199,0.001219881,0.001142651,0.001077164,0.001075955,0.001249011,0.001507005,0.001869493,0.002191385,0.002288293,0.002375708,0.002075487,0.001497037,0.000862029,0.000505787,0.000320291,0.000171805,0.000142454,6.36E-05,4.00E-05,4.20E-06,4.24E-05,5.38E-05,3.64E-05,4.20E-06,4.20E-06,4.19E-05,3.62E-05,4.20E-06,5.37E-05,4.20E-06,4.20E-06,1.20E-05,4.20E-06,4.20E-06,4.20E-06,4.20E-06,4.20E-06,4.20E-06,4.20E-06,4.20E-06,4.20E-06,4.20E-06,4.20E-06,4.20E-06,4.20E-06,4.20E-06,4.20E-06,4.20E-06,4.20E-06,4.20E-06,4.20E-06,4.20E-06,4.20E-06,4.20E-06
A. margalefi,Dinophyceae,,40,0.017230969,0.016563053,0.017089537,0.017823728,0.018070812,0.018591085,0.019382184,0.02008592,0.02035752,0.019826615,0.019332677,0.019604317,0.019789375,0.019567247,0.019388941,0.018696841,0.018211003,0.017841011,0.017523432,0.017181285,0.016360511,0.015586488,0.014862482,0.014335939,0.013624895,0.013112167,0.012373259,0.011654074,0.010628399,0.009576788,0.008473841,0.007300685,0.006172888,0.005049113,0.004379505,0.003918161,0.003675842,0.003666364,0.003507523,0.003373531,0.003126534,0.003073352,0.00333433,0.003696421,0.00402058,0.004082621,0.004232702,0.00419591,0.004151159,0.004185357,0.004252028,0.004857022,0.006667194,0.009507183,0.012009099,0.012776878,0.011437253,0.008014265,0.004246427,0.001920512,0.000813662,0.000450384,0.00030541,0.000211591,9.26E-05,1.11E-05,2.96E-05,1.11E-05,1.11E-05,8.28E-05,3.78E-05,1.11E-05,4.01E-05,8.24E-05,0.000118361,0.000127359,6.22E-05,0.000193229,0.000113728,0.000163632,1.11E-05,1.11E-05,1.11E-05,1.11E-05,1.11E-05,1.11E-05,1.11E-05,1.11E-05,1.11E-05,1.11E-05,1.11E-05,1.11E-05,1.11E-05,1.11E-05,1.11E-05,1.11E-05,1.11E-05,1.11E-05,1.11E-05,1.11E-05,1.11E-05
A. minutum,Dinophyceae,,25,0.038252562,0.040040928,0.042329088,0.043726655,0.044757528,0.045821647,0.047152871,0.048315537,0.04871047,0.048332941,0.047915915,0.048469678,0.049048242,0.048428443,0.047572908,0.045485237,0.043498271,0.041833595,0.040818684,0.039691385,0.037762296,0.035603643,0.033930746,0.03254729,0.030929555,0.029299597,0.027393533,0.02524378,0.023054273,0.020761723,0.018298627,0.015835219,0.013555084,0.011525421,0.010302356,0.009647336,0.009414562,0.009503621,0.009493471,0.008996297,0.008199696,0.007726818,0.008000457,0.008781695,0.009371638,0.009565703,0.009914205,0.010133629,0.010197808,0.010346548,0.010430634,0.011263735,0.014529077,0.020064991,0.025638086,0.027268838,0.023308915,0.015595203,0.008326896,0.003934876,0.001757855,0.000958749,0.000592477,0.000336803,0.000232883,0.000123805,0.000145238,6.39E-05,5.08E-07,0.000101041,5.08E-07,5.08E-07,5.08E-07,6.65E-05,0.000176617,0.000115583,3.44E-05,0.000337956,0.000484481,0.000709188,5.08E-07,5.08E-07,5.08E-07,5.08E-07,5.08E-07,5.08E-07,5.08E-07,5.08E-07,5.08E-07,5.08E-07,5.08E-07,5.08E-07,5.08E-07,5.08E-07,5.08E-07,5.08E-07,5.08E-07,5.08E-07,5.08E-07,5.08E-07,5.08E-07
A. affine,Dinophyceae,,30,0.019180817,0.020175377,0.021427895,0.022389778,0.023100906,0.023163163,0.024030483,0.024751199,0.024860112,0.024148189,0.023449972,0.023441648,0.02379976,0.023290689,0.022630934,0.021429071,0.02035349,0.019567643,0.019185586,0.018812663,0.018054805,0.017192389,0.016360088,0.015617098,0.014946907,0.014376256,0.013556032,0.012760064,0.011806045,0.010674327,0.009560478,0.008252262,0.006968445,0.005905414,0.005111952,0.00466248,0.004442311,0.004472473,0.004404325,0.004258122,0.003858681,0.003710124,0.003930727,0.004284411,0.004568369,0.004746411,0.004891674,0.005035684,0.004987336,0.004951272,0.004956786,0.005352642,0.006970791,0.009779057,0.012665764,0.013528789,0.011516936,0.007776637,0.004224349,0.002015764,0.000962946,0.000525322,0.000335095,0.000262241,9.17E-05,8.34E-05,5.82E-05,2.58E-05,1.55E-06,5.73E-05,1.55E-06,1.55E-06,1.55E-06,1.81E-05,5.30E-05,2.88E-05,1.55E-06,2.77E-05,3.04E-05,4.09E-05,1.55E-06,1.55E-06,1.55E-06,1.55E-06,1.55E-06,1.55E-06,1.55E-06,1.55E-06,1.55E-06,1.55E-06,1.55E-06,1.55E-06,1.55E-06,1.55E-06,1.55E-06,1.55E-06,1.55E-06,1.55E-06,1.55E-06,1.55E-06,1.55E-06
A. catenella,Dinophyceae,,35,0.022855821,0.023761741,0.025233228,0.026366589,0.026511966,0.026957393,0.026965873,0.027006919,0.027187102,0.027079631,0.027207884,0.027393414,0.027578795,0.027358315,0.027058818,0.025867712,0.0250961,0.024658823,0.023951239,0.02318873,0.021959895,0.020914841,0.020201432,0.019524884,0.018690464,0.017486091,0.016194761,0.014668549,0.01343705,0.011972847,0.010828352,0.009457878,0.008190971,0.006937031,0.006296261,0.005906985,0.005711736,0.005753974,0.005713436,0.005398262,0.004915186,0.004582184,0.004675748,0.005134957,0.005551545,0.005567714,0.005828953,0.005986685,0.006139981,0.006108439,0.006073363,0.006319167,0.008051185,0.010900227,0.013663455,0.014653809,0.013034858,0.009060417,0.004978756,0.002438478,0.001189375,0.000727221,0.000433936,0.000285013,0.000129483,4.80E-05,0.000112719,2.57E-06,2.57E-06,8.14E-05,8.35E-06,2.57E-06,2.57E-06,6.37E-05,9.43E-05,7.50E-05,2.57E-06,0.000122013,0.000214448,3.76E-05,2.57E-06,2.57E-06,2.57E-06,2.57E-06,2.57E-06,2.57E-06,2.57E-06,2.57E-06,2.57E-06,2.57E-06,2.57E-06,2.57E-06,2.57E-06,2.57E-06,2.57E-06,2.57E-06,2.57E-06,2.57E-06,2.57E-06,2.57E-06,2.57E-06
A. tamarense,Dinophyceae,,32,0.008495501,0.009952528,0.011777828,0.013788206,0.013903649,0.014461511,0.014868951,0.015301592,0.01622393,0.01672525,0.015869939,0.016322347,0.016514531,0.016120449,0.016158988,0.015196156,0.014047862,0.013773064,0.013681584,0.014171881,0.013135205,0.012757871,0.011637944,0.011553415,0.010098421,0.010195519,0.009580099,0.009370226,0.008796456,0.007873889,0.007254913,0.006736346,0.005904774,0.004989464,0.004623442,0.004546919,0.004062984,0.0045074,0.004312677,0.004361891,0.004229547,0.003851519,0.003821294,0.004735032,0.005097237,0.005111294,0.00513275,0.00548909,0.005419142,0.005422,0.005209268,0.005418983,0.006726333,0.008869551,0.011490287,0.012179721,0.01112259,0.007942571,0.00504875,0.002761997,0.001688833,0.001453698,0.001120611,0.001061949,0.000906136,0.00057436,0.000571994,0.000259945,3.22E-06,0.000289093,0.000182142,3.22E-06,3.22E-06,3.22E-06,0.000831438,0.000209227,0.000496328,0.000930511,0.00026063,0.000323806,3.22E-06,3.22E-06,3.22E-06,3.22E-06,3.22E-06,3.22E-06,3.22E-06,3.22E-06,3.22E-06,3.22E-06,3.22E-06,3.22E-06,3.22E-06,3.22E-06,3.22E-06,3.22E-06,3.22E-06,3.22E-06,3.22E-06,3.22E-06,3.22E-06
Woloszynskia sp.,Dinophyceae,,25,0.042883413,0.043089746,0.045436311,0.047641282,0.048226059,0.049241355,0.051265468,0.052372433,0.052579293,0.051237912,0.050186006,0.05024122,0.05068258,0.050367127,0.048320698,0.045800508,0.042830567,0.041728296,0.041250271,0.03972165,0.037568725,0.034060195,0.031460875,0.029345322,0.027906727,0.026085665,0.024645932,0.022833379,0.020699407,0.018652812,0.016341828,0.013905748,0.011746223,0.010006517,0.008958952,0.008485796,0.008436312,0.008644186,0.008779089,0.008341574,0.007658268,0.00760159,0.008050386,0.008730557,0.009583214,0.00987125,0.010153876,0.010505817,0.010336164,0.010740182,0.010828894,0.01224592,0.016451855,0.022907245,0.029441422,0.032478684,0.028916522,0.020216179,0.010766181,0.004983182,0.002283397,0.00141744,0.000832414,0.000564078,0.000493981,0.00032582,0.000154267,6.63E-05,6.01E-05,6.01E-05,0.000125582,6.01E-05,0.000194644,9.79E-05,0.000280202,0.000192285,0.000181734,8.89E-05,0.000169896,0.000470633,6.01E-05,6.01E-05,6.01E-05,6.01E-05,6.01E-05,6.01E-05,6.01E-05,6.01E-05,6.01E-05,6.01E-05,6.01E-05,6.01E-05,6.01E-05,6.01E-05,6.01E-05,6.01E-05,6.01E-05,6.01E-05,6.01E-05,6.01E-05,6.01E-05
Phaeocystis 4-5,Prymnesiophyceae,,5,0.028045268,0.029730108,0.03201839,0.033767014,0.034660873,0.035844205,0.037633709,0.039755399,0.040730485,0.039255138,0.037970087,0.037648467,0.037947676,0.038695568,0.038020804,0.036237818,0.033407504,0.030304753,0.02679498,0.023583453,0.020782411,0.018630692,0.016976293,0.015605906,0.014378445,0.013061651,0.011817961,0.010619792,0.009322555,0.008209185,0.007221595,0.006302967,0.005566427,0.005158216,0.00504041,0.005258388,0.005663716,0.006185283,0.006534899,0.006579081,0.00618521,0.005791154,0.005739912,0.005812754,0.005969093,0.006159861,0.006363144,0.006646497,0.006748068,0.006540011,0.006390453,0.006920047,0.008872212,0.012546702,0.016523381,0.018018587,0.015935293,0.011381427,0.006506005,0.003290398,0.001739893,0.000923132,0.000536247,0.000370988,0.000233118,0.000191073,0.000103082,8.18E-05,5.68E-05,1.52E-06,4.98E-06,1.52E-06,3.46E-05,1.52E-06,1.52E-06,1.52E-06,1.52E-06,3.70E-06,3.85E-05,1.52E-06,1.52E-06,1.52E-06,1.52E-06,1.52E-06,1.52E-06,1.52E-06,1.52E-06,1.52E-06,1.52E-06,1.52E-06,1.52E-06,1.52E-06,1.52E-06,1.52E-06,1.52E-06,1.52E-06,1.52E-06,1.52E-06,1.52E-06,1.52E-06,1.52E-06
P. micans,Dinophyceae,,45,0.012654231,0.013110756,0.014048104,0.014753145,0.015039927,0.015509597,0.016209122,0.016624328,0.016961557,0.016871703,0.016604552,0.016685484,0.017130271,0.016933441,0.016545222,0.015505795,0.014601801,0.013678663,0.013295772,0.012901033,0.012430994,0.011629185,0.010907002,0.010305576,0.009990249,0.010312086,0.009958714,0.009366304,0.008628365,0.007949212,0.007175154,0.006125764,0.005125194,0.00430572,0.003793462,0.003620094,0.003675119,0.003769419,0.003837403,0.003759218,0.003425587,0.003297663,0.003494703,0.003937602,0.004274572,0.00455981,0.004810939,0.005038087,0.004987664,0.005167288,0.005204676,0.005553666,0.007175741,0.009938417,0.012845521,0.014095595,0.012861618,0.009386543,0.005120996,0.002354885,0.0009903,0.000433113,0.000142119,7.80E-05,3.53E-05,1.34E-05,1.56E-05,1.34E-05,5.03E-05,1.34E-05,1.34E-05,1.34E-05,1.34E-05,9.45E-05,7.41E-05,0.000108192,5.02E-05,0.000126795,0.000147551,0.000229033,1.34E-05,1.34E-05,1.34E-05,1.34E-05,1.34E-05,1.34E-05,1.34E-05,1.34E-05,1.34E-05,1.34E-05,1.34E-05,1.34E-05,1.34E-05,1.34E-05,1.34E-05,1.34E-05,1.34E-05,1.34E-05,1.34E-05,1.34E-05,1.34E-05
T. oceanica2,Bacillariophyceae,,13,0.019578483,0.019224492,0.019203138,0.019323182,0.018870665,0.018614257,0.019429461,0.01925044,0.019263429,0.01861077,0.017740866,0.016839625,0.01649079,0.015782595,0.01462691,0.014024938,0.013764976,0.013173488,0.012953024,0.012408168,0.012203767,0.011600773,0.011308951,0.010974744,0.010591646,0.009987393,0.008976138,0.008746774,0.008169997,0.007686563,0.006820376,0.006552901,0.00594166,0.005229,0.005265807,0.004762006,0.004792206,0.004636429,0.004303841,0.004424336,0.00388215,0.004178447,0.004076748,0.004857139,0.004545403,0.004693884,0.005091338,0.00491538,0.004866063,0.004303917,0.004816601,0.005812892,0.00750531,0.009601768,0.010860306,0.01097991,0.009142921,0.007422306,0.004259892,0.002364876,0.001234295,0.001356847,0.000755442,0.000393619,0.000955573,0.000416392,0.000371506,0.000620694,0.000770002,0.00034145,0.000159011,0.000159011,0.000159011,0.000159011,0.000438405,0.000303758,0.000159011,0.000159011,0.000447095,0.000214411,0.000642545,0.000159011,0.000159011,0.000159011,0.000159011,0.000159011,0.000159011,0.000159011,0.000159011,0.000159011,0.000159011,0.000159011,0.000159011,0.000159011,0.000159011,0.000159011,0.000159011,0.000159011,0.000159011,0.000159011,0.000159011
Tetraselmis sp. ,Prasinophyceae,,10,0.01488201,0.015744162,0.016584091,0.016846569,0.017039682,0.017004381,0.017610932,0.017844571,0.017246877,0.016749188,0.016934546,0.015952904,0.015919349,0.016321089,0.016252027,0.016121481,0.016180236,0.015586487,0.014721271,0.013450072,0.012169229,0.010841184,0.00911115,0.007571504,0.005861757,0.004996339,0.004329314,0.004118455,0.003941613,0.003815822,0.004034173,0.003736595,0.004047336,0.004050676,0.00453325,0.005064901,0.005095636,0.005348393,0.00550496,0.005899205,0.005989533,0.006079966,0.006392725,0.006444738,0.006462132,0.006803832,0.006770522,0.006862275,0.00829022,0.009128864,0.010493553,0.010054079,0.010800479,0.012151066,0.012829683,0.013275454,0.012707421,0.010804049,0.006779058,0.003620044,0.002149483,0.000870088,0.000840458,0.000669671,0.000663638,0.00045942,0.000392536,0.000171929,0.000134724,6.78E-05,0.000152524,4.57E-05,0.000529149,0.000400274,7.19E-05,4.57E-05,0.000110253,0.000140635,4.57E-05,4.57E-05,4.57E-05,4.57E-05,4.57E-05,4.57E-05,4.57E-05,4.57E-05,4.57E-05,4.57E-05,4.57E-05,4.57E-05,4.57E-05,4.57E-05,4.57E-05,4.57E-05,4.57E-05,4.57E-05,4.57E-05,4.57E-05,4.57E-05,4.57E-05,4.57E-05
H. niei,Dinophyceae,,17,0.022747058,0.023981275,0.025662498,0.026019826,0.02681772,0.026908466,0.027571712,0.029351597,0.029162617,0.028658423,0.027581623,0.028200877,0.028141865,0.027956921,0.027696819,0.026832196,0.025321628,0.024433159,0.023647202,0.022944675,0.021567134,0.020874709,0.02010226,0.019052113,0.018539765,0.017719509,0.016849691,0.015642881,0.014306986,0.012943507,0.010777788,0.009582273,0.007841704,0.006583387,0.005801669,0.005677756,0.005212965,0.005295549,0.005133295,0.004845984,0.004507601,0.004164337,0.004475495,0.004743107,0.005067293,0.005246674,0.005298074,0.005683311,0.005474843,0.005495152,0.00560038,0.006369325,0.007744075,0.010923735,0.013891143,0.014792876,0.012025132,0.007631693,0.003680462,0.001771505,0.00083126,0.000399425,0.000297097,2.64E-05,8.45E-05,2.03E-05,2.03E-05,0.000150893,2.03E-05,2.03E-05,2.03E-05,2.03E-05,2.03E-05,0.000367292,2.03E-05,2.03E-05,2.03E-05,2.03E-05,0.000120802,2.03E-05,2.03E-05,2.03E-05,2.03E-05,2.03E-05,2.03E-05,2.03E-05,2.03E-05,2.03E-05,2.03E-05,2.03E-05,2.03E-05,2.03E-05,2.03E-05,2.03E-05,2.03E-05,2.03E-05,2.03E-05,2.03E-05,2.03E-05,2.03E-05,2.03E-05
Synechococcus sp1,Cyanophyceae,,1,0.04008746,0.042210179,0.046990075,0.050075482,0.052150589,0.053607718,0.05585656,0.059654298,0.060401302,0.055190953,0.046947859,0.041133066,0.038254619,0.03653421,0.034841944,0.03426867,0.033553187,0.033185931,0.032611499,0.03091442,0.029085003,0.026889267,0.024524077,0.023157375,0.020954971,0.018819095,0.016607334,0.014612977,0.012892061,0.012105662,0.01178578,0.012453226,0.013526393,0.014767717,0.01606617,0.017843342,0.018936293,0.020530136,0.021653269,0.023169238,0.024407585,0.026418651,0.028627366,0.031042705,0.032316536,0.032741107,0.031502593,0.02942657,0.026258839,0.024012331,0.022325053,0.02176172,0.02348618,0.027306103,0.031338173,0.033347416,0.033350523,0.028313581,0.018947149,0.011395826,0.006876409,0.004436631,0.002678698,0.001625812,0.000917362,0.000762518,4.86E-05,5.51E-05,4.85E-05,4.85E-05,0.000174417,4.85E-05,4.85E-05,4.85E-05,4.85E-05,8.13E-05,4.85E-05,4.85E-05,4.85E-05,4.85E-05,4.85E-05,4.85E-05,4.85E-05,4.85E-05,4.85E-05,4.85E-05,4.85E-05,4.85E-05,4.85E-05,4.85E-05,4.85E-05,4.85E-05,4.85E-05,4.85E-05,4.85E-05,4.85E-05,4.85E-05,4.85E-05,4.85E-05,4.85E-05,4.85E-05
D. brightwelli,Bacillariophyceae,,40,0.016470456,0.016229977,0.017347569,0.016454541,0.016502514,0.016553377,0.016221129,0.01585882,0.015584825,0.015030115,0.014430671,0.01429576,0.013770789,0.013511992,0.012822204,0.012246014,0.011741824,0.011353842,0.010775868,0.010332747,0.009984924,0.009354339,0.009064509,0.008607504,0.008311916,0.00774254,0.007535796,0.007009896,0.006715322,0.005878351,0.005571851,0.005368518,0.00458134,0.004563468,0.004254899,0.004128124,0.004081982,0.004384642,0.004101662,0.003869519,0.003797535,0.003906807,0.003932403,0.004564659,0.004554284,0.004668152,0.004870661,0.00506158,0.004946085,0.004709918,0.004654817,0.005406958,0.006567898,0.008315804,0.0094314,0.009346551,0.008915404,0.007150817,0.004841022,0.003076876,0.001915303,0.00088601,0.00050609,0.000374683,0.000294917,0.000113452,0.000330545,0.000113452,0.000113452,0.000113452,0.000113452,0.000113452,0.000113452,0.000113452,0.000113452,0.000113452,0.000113452,0.000113452,0.000113452,0.000113452,0.000388095,0.000113452,0.000113452,0.000113452,0.000113452,0.000113452,0.000113452,0.000113452,0.000113452,0.000113452,0.000113452,0.000113452,0.000113452,0.000113452,0.000113452,0.000113452,0.000113452,0.000113452,0.000113452,0.000113452,0.000113452
N. oculata,Eustigmatophyceae,,3,0.039514875,0.041089838,0.044147166,0.04653859,0.047277366,0.048215208,0.049381701,0.050545179,0.049803074,0.045770955,0.040234556,0.036022363,0.033493672,0.031612152,0.030250481,0.029929341,0.030799416,0.030932252,0.029754217,0.027865298,0.025569458,0.02274848,0.019327051,0.016286922,0.013625627,0.011579843,0.009986595,0.008806986,0.008005132,0.0070607,0.006560706,0.006169599,0.005886722,0.006055653,0.006509045,0.007004892,0.007541722,0.0078242,0.007911182,0.007998099,0.008172636,0.008608656,0.009714551,0.010767974,0.011777526,0.012052644,0.011795499,0.011290941,0.010190663,0.010024791,0.011048426,0.014089241,0.01894284,0.024541605,0.029518349,0.03311349,0.033331395,0.027077963,0.017126869,0.009225078,0.004951309,0.002569754,0.001425254,0.000879152,0.00061359,0.000497962,0.000253438,5.97E-05,5.25E-05,7.22E-05,0.000104547,5.25E-05,0.000286656,8.05E-05,5.25E-05,0.000209067,5.25E-05,5.25E-05,5.25E-05,5.25E-05,5.25E-05,5.25E-05,5.25E-05,5.25E-05,5.25E-05,5.25E-05,5.25E-05,5.25E-05,5.25E-05,5.25E-05,5.25E-05,5.25E-05,5.25E-05,5.25E-05,5.25E-05,5.25E-05,5.25E-05,5.25E-05,5.25E-05,5.25E-05,5.25E-05
A. flos-aquae,Cyanophyceae,,10,0.023700619,0.0247602,0.026896215,0.029001417,0.031200451,0.030601408,0.031975508,0.032587564,0.03293813,0.029834582,0.023745381,0.020026183,0.018047982,0.017323354,0.016989309,0.015947825,0.015333905,0.015701271,0.014565974,0.014634094,0.014213468,0.012865523,0.011545635,0.010885739,0.00988182,0.008815801,0.008441589,0.006807765,0.006916961,0.006177604,0.006321287,0.006469145,0.006102522,0.007050874,0.008269646,0.008485288,0.009831678,0.009943537,0.01009361,0.009829662,0.010785176,0.010835916,0.011284216,0.012170654,0.012650198,0.013205335,0.013260224,0.01219493,0.011882377,0.012034172,0.012238454,0.012236666,0.014377075,0.01612284,0.019141589,0.021017329,0.020497689,0.016672074,0.012047941,0.007228227,0.004064882,0.002752179,0.001138182,0.001315411,0.001778455,0.00030045,0.000540324,0.000569461,0.001424081,0.001526208,0.00030045,0.001268949,0.00030045,0.000389333,0.000602736,0.000556503,0.00030045,0.001154423,0.001012083,0.00172508,0.00030045,0.00030045,0.00030045,0.00030045,0.00030045,0.00030045,0.00030045,0.00030045,0.00030045,0.00030045,0.00030045,0.00030045,0.00030045,0.00030045,0.00030045,0.00030045,0.00030045,0.00030045,0.00030045,0.00030045,0.00030045
Anabaena sp.,Cyanophyceae,,10,0.018926271,0.020249424,0.022478767,0.024811915,0.026175459,0.027107049,0.028114134,0.029979238,0.030910094,0.028512219,0.024163941,0.020559271,0.018791614,0.017948481,0.017885704,0.017469235,0.017659455,0.01733672,0.017320736,0.016317116,0.015938553,0.014985644,0.013927588,0.012888232,0.011411641,0.010443039,0.009465024,0.0083151,0.007639046,0.007190974,0.007301887,0.007611454,0.007456486,0.007593559,0.008352074,0.008730142,0.009823578,0.010486673,0.011707733,0.012582946,0.013490419,0.014271682,0.015403863,0.015416896,0.016105234,0.016175001,0.016513967,0.015906618,0.014731748,0.013276624,0.012827317,0.012658802,0.013711932,0.015310988,0.017619178,0.019043214,0.019339548,0.016118586,0.012405847,0.008183967,0.004628793,0.003213097,0.001873449,0.00166968,0.001362287,0.001093378,0.00127477,0.000919064,0.00059052,0.000531815,0.000684977,0.001062771,0.00124736,0.001009268,0.000411519,0.00129018,6.21E-05,6.21E-05,0.000367673,6.21E-05,6.21E-05,6.21E-05,6.21E-05,6.21E-05,6.21E-05,6.21E-05,6.21E-05,6.21E-05,6.21E-05,6.21E-05,6.21E-05,6.21E-05,6.21E-05,6.21E-05,6.21E-05,6.21E-05,6.21E-05,6.21E-05,6.21E-05,6.21E-05,6.21E-05
S. salina,Cyanophyceae,,1,0.023349663,0.025564894,0.028907053,0.034139189,0.036189798,0.036294372,0.039027375,0.040522821,0.042145706,0.037655117,0.030964693,0.02710957,0.025080027,0.023561025,0.022024145,0.022193266,0.02180617,0.021092921,0.021177195,0.02028546,0.019794996,0.017937071,0.015702392,0.013918912,0.013341853,0.012114108,0.010251707,0.010218483,0.009030358,0.008403895,0.008262508,0.009003498,0.01096482,0.012984406,0.014812238,0.017119042,0.019193445,0.020003053,0.022094608,0.024479317,0.025803127,0.029693644,0.032740504,0.036724182,0.039061127,0.041180998,0.042109668,0.03935111,0.035696516,0.030800215,0.026522211,0.022218238,0.021957486,0.022696481,0.025181995,0.024918867,0.026188528,0.020716572,0.013444589,0.006286501,0.001516968,0.001786267,7.65E-05,7.65E-05,7.65E-05,7.65E-05,7.65E-05,7.65E-05,7.65E-05,7.65E-05,7.65E-05,7.65E-05,7.65E-05,7.65E-05,7.65E-05,0.00152653,7.65E-05,7.65E-05,7.65E-05,7.65E-05,7.65E-05,7.65E-05,7.65E-05,7.65E-05,7.65E-05,7.65E-05,7.65E-05,7.65E-05,7.65E-05,7.65E-05,7.65E-05,7.65E-05,7.65E-05,7.65E-05,7.65E-05,7.65E-05,7.65E-05,7.65E-05,7.65E-05,7.65E-05,7.65E-05
Phormidium sp. ,Cyanophyceae,,2,0.044000778,0.047696449,0.051659069,0.055930624,0.057776673,0.058518117,0.061286129,0.064950599,0.065037454,0.057638724,0.04550812,0.037686125,0.03293356,0.031793,0.032869644,0.031332765,0.030488529,0.02713158,0.030007549,0.032506997,0.032462156,0.030507616,0.028052302,0.025228961,0.025198155,0.025165267,0.025543994,0.02627497,0.027673876,0.029186681,0.030294134,0.030510049,0.031366937,0.031726015,0.031987723,0.027394375,0.022799939,0.021237246,0.019940309,0.019580963,0.0203612,0.021742907,0.023980659,0.027650422,0.028636882,0.028565418,0.0284335,0.028027668,0.027391062,0.025344278,0.024462423,0.023462035,0.026604586,0.03260781,0.037732266,0.042495671,0.042054873,0.035665091,0.024689351,0.01549749,0.010229082,0.008208914,0.008088852,0.004476728,0.001713995,0.001524009,0.000323029,9.18E-05,9.18E-05,0.001170208,9.18E-05,0.000198696,9.18E-05,9.18E-05,9.18E-05,9.18E-05,9.18E-05,9.18E-05,9.18E-05,9.18E-05,9.18E-05,9.18E-05,9.18E-05,9.18E-05,9.18E-05,9.18E-05,9.18E-05,9.18E-05,9.18E-05,9.18E-05,9.18E-05,9.18E-05,9.18E-05,9.18E-05,9.18E-05,9.18E-05,9.18E-05,9.18E-05,9.18E-05,9.18E-05,9.18E-05
N. spumigena,Cyanophyceae,,10,0.011297351,0.011962765,0.013912916,0.014848978,0.015450945,0.015446545,0.016815183,0.017858737,0.017363183,0.016520531,0.014389591,0.012377134,0.011660388,0.011460995,0.011377339,0.011045248,0.011318586,0.011081123,0.011267741,0.010774934,0.010679763,0.009744344,0.009636177,0.00858045,0.008097765,0.007602937,0.007158663,0.006243479,0.005656716,0.005169059,0.004307653,0.004148458,0.004106977,0.004035871,0.004144653,0.004513478,0.005364731,0.005630161,0.005992404,0.006047628,0.006243967,0.006638206,0.007703623,0.007861946,0.008036915,0.007894423,0.00845121,0.008646824,0.008711417,0.008215815,0.008266429,0.008903428,0.009846887,0.011104833,0.012533409,0.013860836,0.013727317,0.012166067,0.008393407,0.005537518,0.003129831,0.00265446,0.00188476,0.001357066,0.000711895,0.000909054,0.000636128,4.65E-05,0.000361766,0.000834126,0.000616366,0.00018816,4.65E-05,0.000521227,0.000215875,4.65E-05,0.001873606,4.65E-05,4.65E-05,8.08E-05,4.65E-05,4.65E-05,4.65E-05,4.65E-05,4.65E-05,4.65E-05,4.65E-05,4.65E-05,4.65E-05,4.65E-05,4.65E-05,4.65E-05,4.65E-05,4.65E-05,4.65E-05,4.65E-05,4.65E-05,4.65E-05,4.65E-05,4.65E-05,4.65E-05
Synechococcus sp2,Cyanophyceae,,1,0.026384485,0.027117924,0.031514999,0.033456096,0.035221839,0.03682036,0.040416904,0.042865258,0.04298826,0.038507828,0.034979901,0.032679963,0.028621397,0.028761173,0.02844706,0.028216303,0.027309543,0.028939069,0.029790935,0.027287687,0.028432828,0.026659461,0.025863505,0.025103127,0.026993905,0.026777889,0.026457677,0.025677985,0.024573506,0.025409108,0.022677137,0.024114027,0.026651837,0.03095844,0.030070486,0.027056931,0.020199303,0.014627099,0.009566727,0.009181963,0.00873265,0.010194445,0.009142826,0.009512341,0.008906479,0.010483144,0.011303498,0.010853167,0.010709326,0.011826003,0.012944713,0.012319028,0.014342974,0.016866553,0.02054188,0.020138819,0.021395779,0.015856105,0.010613262,0.006589768,0.002922065,0.001188344,1.88E-05,1.88E-05,0.000507257,0.000174846,1.88E-05,1.88E-05,1.88E-05,1.88E-05,0.00060942,1.88E-05,1.88E-05,1.88E-05,1.88E-05,0.001568024,1.88E-05,1.88E-05,1.88E-05,0.000966228,1.88E-05,1.88E-05,1.88E-05,1.88E-05,1.88E-05,1.88E-05,1.88E-05,1.88E-05,1.88E-05,1.88E-05,1.88E-05,1.88E-05,1.88E-05,1.88E-05,1.88E-05,1.88E-05,1.88E-05,1.88E-05,1.88E-05,1.88E-05,1.88E-05
Nostoc sp. ,Cyanophyceae,,10,0.014124059,0.015103763,0.016642298,0.017489528,0.018245511,0.018739287,0.019177463,0.019956896,0.020245767,0.018774935,0.015449747,0.013030225,0.011776495,0.011324229,0.01099224,0.010324573,0.010077024,0.009387987,0.010212145,0.010825158,0.011049163,0.010128746,0.009041342,0.00775376,0.007056025,0.006886863,0.006745784,0.006652362,0.007311234,0.007706955,0.008026935,0.008548038,0.008978178,0.009893205,0.009402455,0.008907166,0.008359965,0.008674177,0.009094956,0.009632512,0.009975469,0.010485131,0.011143625,0.0115384,0.011782263,0.011975821,0.011907456,0.011338791,0.010480403,0.009804038,0.009353096,0.00968187,0.010651929,0.012719416,0.014672583,0.015934918,0.01605718,0.014439123,0.011512965,0.008193545,0.005194767,0.00377074,0.002493371,0.001922153,0.001414477,0.000951148,0.001023106,0.000148643,7.94E-06,0.000146563,7.94E-06,7.94E-06,7.94E-06,7.94E-06,0.000220696,0.000379268,0.000424371,2.17E-05,0.000171053,7.94E-06,7.94E-06,7.94E-06,7.94E-06,7.94E-06,7.94E-06,7.94E-06,7.94E-06,7.94E-06,7.94E-06,7.94E-06,7.94E-06,7.94E-06,7.94E-06,7.94E-06,7.94E-06,7.94E-06,7.94E-06,7.94E-06,7.94E-06,7.94E-06,7.94E-06
Cyanobacterium sp. ,Cyanophyceae,,1,0.028808085,0.031877079,0.038778368,0.039841168,0.042155248,0.046143954,0.048173832,0.04962445,0.048427937,0.04480978,0.037272489,0.030747669,0.030719545,0.025854548,0.025005887,0.023450174,0.021533286,0.020083655,0.022372572,0.021046786,0.019757513,0.018262488,0.012904084,0.01017258,0.008073132,0.004459416,0.005446231,0.005067294,0.006600804,0.006960498,0.007747483,0.008606505,0.011817601,0.011375014,0.015555162,0.018219068,0.020711763,0.023359387,0.023909536,0.024956546,0.027814362,0.029213172,0.035073372,0.039647752,0.043489422,0.04825179,0.051144144,0.050138087,0.044912902,0.035357081,0.026435288,0.019426436,0.017294423,0.022248727,0.025106542,0.02953142,0.030402777,0.023094427,0.014453876,0.005758064,0.00379677,0.00040114,0.000233382,0.000233382,0.000233382,0.000233382,0.000233382,0.000233382,0.000233382,0.000244237,0.000735177,0.001308516,0.001519201,0.000233382,0.000233382,0.000233382,0.001514761,0.000233382,0.000233382,0.000233382,0.000233382,0.000233382,0.000233382,0.000233382,0.000233382,0.000233382,0.000233382,0.000233382,0.000233382,0.000233382,0.000233382,0.000233382,0.000233382,0.000233382,0.000233382,0.000233382,0.000233382,0.000233382,0.000233382,0.000233382,0.000233382
P. galeata,Cyanophyceae,,8,0.019269954,0.021124823,0.023598867,0.025487268,0.026937931,0.028341781,0.029516554,0.03117571,0.031170232,0.02851525,0.023101867,0.019971299,0.018205737,0.017441977,0.015828802,0.014898214,0.01482451,0.014374986,0.015567686,0.016683363,0.016619952,0.015398534,0.01417778,0.014021243,0.012705869,0.012353122,0.01211923,0.013525073,0.014440555,0.015850216,0.01703279,0.018844998,0.019774424,0.021198859,0.020866862,0.018256201,0.014305267,0.010646324,0.009305387,0.008923922,0.00890616,0.009932198,0.010745591,0.011394812,0.012140312,0.012077564,0.012363912,0.011423198,0.010819627,0.010099358,0.01040297,0.010851498,0.011915384,0.014689719,0.016932361,0.019281242,0.01936972,0.017080432,0.012403586,0.00812663,0.004795037,0.002864639,0.002390547,0.001508264,0.000723588,0.000592117,7.59E-05,7.59E-05,7.59E-05,7.59E-05,7.59E-05,7.59E-05,7.59E-05,7.59E-05,7.59E-05,7.59E-05,7.59E-05,0.000602409,0.000164837,7.59E-05,7.59E-05,7.59E-05,7.59E-05,7.59E-05,7.59E-05,7.59E-05,7.59E-05,7.59E-05,7.59E-05,7.59E-05,7.59E-05,7.59E-05,7.59E-05,7.59E-05,7.59E-05,7.59E-05,7.59E-05,7.59E-05,7.59E-05,7.59E-05,7.59E-05